<?xml version="1.0"?>
<doc>
    <assembly>
        <name>Accord</name>
    </assembly>
    <members>
        <member name="T:Accord.DataSetExtensions">
            <summary>
              Static class for DataSet-related extension methods.
            </summary>
            
        </member>
        <member name="M:Accord.DataSetExtensions.Add(System.Data.DataColumnCollection,System.String[])">
            <summary>
              Creates and adds multiple <see cref="T:System.Data.DataColumn"/>
              objects with the given names at once.
            </summary>
            
            <param name="collection">The <see cref="T:System.Data.DataColumnCollection"/>
            to add in.</param>
            <param name="columnNames">The names of the <see cref="T:System.Data.DataColumn"/> to
            be created and added.</param>
            
            <example>
              <code>
              DataTable table = new DataTable();
              
              // Add multiple columns at once:
              table.Columns.Add("columnName1", "columnName2");
              </code>
            </example>
            
        </member>
        <member name="T:Accord.ConvergenceException">
            <summary>
              Algorithm Convergence Exception.
            </summary>
            
            <remarks><para>The algorithm convergence exception is thrown in cases where a iterative
            algorithm could not converge to a finite solution.</para>
            </remarks>
            
        </member>
        <member name="M:Accord.ConvergenceException.#ctor">
            <summary>
              Initializes a new instance of the <see cref="T:Accord.ConvergenceException"/> class.
            </summary>
            
        </member>
        <member name="M:Accord.ConvergenceException.#ctor(System.String)">
            <summary>
              Initializes a new instance of the <see cref="T:Accord.ConvergenceException"/> class.
            </summary>
            
            <param name="message">Message providing some additional information.</param>
            
        </member>
        <member name="M:Accord.ConvergenceException.#ctor(System.String,System.Exception)">
            <summary>
              Initializes a new instance of the <see cref="T:Accord.ConvergenceException"/> class.
            </summary>
            
            <param name="message">Message providing some additional information.</param>
            <param name="innerException">The exception that is the cause of the current exception.</param>
            
        </member>
        <member name="M:Accord.ConvergenceException.#ctor(System.Runtime.Serialization.SerializationInfo,System.Runtime.Serialization.StreamingContext)">
            <summary>
              Initializes a new instance of the <see cref="T:Accord.ConvergenceException"/> class.
            </summary>
            
            <param name="info">The <see cref="T:System.Runtime.Serialization.SerializationInfo"/> that holds the serialized object data about the exception being thrown.</param>
            <param name="context">The <see cref="T:System.Runtime.Serialization.StreamingContext"/> that contains contextual information about the source or destination.</param>
            <exception cref="T:System.ArgumentNullException">
            The <paramref name="info"/> parameter is null.
            </exception>
            <exception cref="T:System.Runtime.Serialization.SerializationException">
            The class name is null or <see cref="P:System.Exception.HResult"/> is zero (0).
            </exception>
            
        </member>
        <member name="T:Accord.DimensionMismatchException">
             <summary>
               Dimension Mismatch Exception.
             </summary>
            
             <remarks><para>The dimension mismatch exception is thrown in cases where a method expects 
             a matrix or array object having specific or compatible dimensions, such as the inner matrix
             dimensions in matrix multiplication.</para>
             </remarks>
            
        </member>
        <member name="M:Accord.DimensionMismatchException.#ctor">
            <summary>
            Initializes a new instance of the <see cref="T:Accord.DimensionMismatchException"/> class.
            </summary>
        </member>
        <member name="M:Accord.DimensionMismatchException.#ctor(System.String)">
            <summary>
            Initializes a new instance of the <see cref="T:Accord.DimensionMismatchException"/> class.
            </summary>
            
            <param name="paramName">The name of the parameter that caused the current exception.</param>
            
        </member>
        <member name="M:Accord.DimensionMismatchException.#ctor(System.String,System.String)">
            <summary>
            Initializes a new instance of the <see cref="T:Accord.DimensionMismatchException"/> class.
            </summary>
            
            <param name="paramName">The name of the parameter that caused the current exception.</param>
            <param name="message">Message providing some additional information.</param>
            
        </member>
        <member name="M:Accord.DimensionMismatchException.#ctor(System.String,System.Exception)">
            <summary>
            Initializes a new instance of the <see cref="T:Accord.DimensionMismatchException"/> class.
            </summary>
            
            <param name="message">Message providing some additional information.</param>
            <param name="innerException">The exception that is the cause of the current exception.</param>
            
        </member>
        <member name="M:Accord.DimensionMismatchException.#ctor(System.Runtime.Serialization.SerializationInfo,System.Runtime.Serialization.StreamingContext)">
            <summary>
            Initializes a new instance of the <see cref="T:Accord.DimensionMismatchException"/> class.
            </summary>
            
            <param name="info">The <see cref="T:System.Runtime.Serialization.SerializationInfo"/> that holds the serialized object data about the exception being thrown.</param>
            <param name="context">The <see cref="T:System.Runtime.Serialization.StreamingContext"/> that contains contextual information about the source or destination.</param>
            <exception cref="T:System.ArgumentNullException">
            The <paramref name="info"/> parameter is null.
            </exception>
            <exception cref="T:System.Runtime.Serialization.SerializationException">
            The class name is null or <see cref="P:System.Exception.HResult"/> is zero (0).
            </exception>
            
        </member>
        <member name="T:Accord.NonPositiveDefiniteMatrixException">
            <summary>
              Non-Positive Definite Matrix Exception.
            </summary>
            
            <remarks><para>The non-positive definite matrix exception is thrown in cases where a method 
            expects a matrix to have only positive eigenvalues, such when dealing with covariance matrices.</para>
            </remarks>
            
        </member>
        <member name="M:Accord.NonPositiveDefiniteMatrixException.#ctor">
            <summary>
            Initializes a new instance of the <see cref="T:Accord.NonPositiveDefiniteMatrixException"/> class.
            </summary>
        </member>
        <member name="M:Accord.NonPositiveDefiniteMatrixException.#ctor(System.String)">
            <summary>
            Initializes a new instance of the <see cref="T:Accord.NonPositiveDefiniteMatrixException"/> class.
            </summary>
            
            <param name="message">Message providing some additional information.</param>
            
        </member>
        <member name="M:Accord.NonPositiveDefiniteMatrixException.#ctor(System.String,System.Exception)">
            <summary>
            Initializes a new instance of the <see cref="T:Accord.NonPositiveDefiniteMatrixException"/> class.
            </summary>
            
            <param name="message">Message providing some additional information.</param>
            <param name="innerException">The exception that is the cause of the current exception.</param>
            
        </member>
        <member name="M:Accord.NonPositiveDefiniteMatrixException.#ctor(System.Runtime.Serialization.SerializationInfo,System.Runtime.Serialization.StreamingContext)">
            <summary>
            Initializes a new instance of the <see cref="T:Accord.NonPositiveDefiniteMatrixException"/> class.
            </summary>
            
            <param name="info">The <see cref="T:System.Runtime.Serialization.SerializationInfo"/> that holds the serialized object data about the exception being thrown.</param>
            <param name="context">The <see cref="T:System.Runtime.Serialization.StreamingContext"/> that contains contextual information about the source or destination.</param>
            <exception cref="T:System.ArgumentNullException">
            The <paramref name="info"/> parameter is null.
            </exception>
            <exception cref="T:System.Runtime.Serialization.SerializationException">
            The class name is null or <see cref="P:System.Exception.HResult"/> is zero (0).
            </exception>
            
        </member>
        <member name="T:Accord.NonSymmetricMatrixException">
            <summary>
              Non-Symmetric Matrix Exception.
            </summary>
            
            <remarks><para>The not symmetric matrix exception is thrown in cases where a method 
            expects a matrix to be symmetric but it is not.</para>
            </remarks>
            
        </member>
        <member name="M:Accord.NonSymmetricMatrixException.#ctor">
            <summary>
            Initializes a new instance of the <see cref="T:Accord.NonSymmetricMatrixException"/> class.
            </summary>
        </member>
        <member name="M:Accord.NonSymmetricMatrixException.#ctor(System.String)">
            <summary>
            Initializes a new instance of the <see cref="T:Accord.NonSymmetricMatrixException"/> class.
            </summary>
            
            <param name="message">Message providing some additional information.</param>
            
        </member>
        <member name="M:Accord.NonSymmetricMatrixException.#ctor(System.String,System.Exception)">
            <summary>
            Initializes a new instance of the <see cref="T:Accord.NonSymmetricMatrixException"/> class.
            </summary>
            
            <param name="message">Message providing some additional information.</param>
            <param name="innerException">The exception that is the cause of the current exception.</param>
            
        </member>
        <member name="M:Accord.NonSymmetricMatrixException.#ctor(System.Runtime.Serialization.SerializationInfo,System.Runtime.Serialization.StreamingContext)">
            <summary>
            Initializes a new instance of the <see cref="T:Accord.NonSymmetricMatrixException"/> class.
            </summary>
            
            <param name="info">The <see cref="T:System.Runtime.Serialization.SerializationInfo"/> that holds the serialized object data about the exception being thrown.</param>
            <param name="context">The <see cref="T:System.Runtime.Serialization.StreamingContext"/> that contains contextual information about the source or destination.</param>
            <exception cref="T:System.ArgumentNullException">
            The <paramref name="info"/> parameter is null.
            </exception>
            <exception cref="T:System.Runtime.Serialization.SerializationException">
            The class name is null or <see cref="P:System.Exception.HResult"/> is zero (0).
            </exception>
            
        </member>
        <member name="T:Accord.SingularMatrixException">
            <summary>
              Singular Matrix Exception.
            </summary>
            
            <remarks><para>The singular matrix exception is thrown in cases where a method which
            performs matrix inversions has encountered a non-invertible matrix during the process.</para>
            </remarks>
            
        </member>
        <member name="M:Accord.SingularMatrixException.#ctor">
            <summary>
            Initializes a new instance of the <see cref="T:Accord.SingularMatrixException"/> class.
            </summary>
        </member>
        <member name="M:Accord.SingularMatrixException.#ctor(System.String)">
            <summary>
            Initializes a new instance of the <see cref="T:Accord.SingularMatrixException"/> class.
            </summary>
            
            <param name="message">Message providing some additional information.</param>
            
        </member>
        <member name="M:Accord.SingularMatrixException.#ctor(System.String,System.Exception)">
            <summary>
            Initializes a new instance of the <see cref="T:Accord.SingularMatrixException"/> class.
            </summary>
            
            <param name="message">Message providing some additional information.</param>
            <param name="innerException">The exception that is the cause of the current exception.</param>
            
        </member>
        <member name="M:Accord.SingularMatrixException.#ctor(System.Runtime.Serialization.SerializationInfo,System.Runtime.Serialization.StreamingContext)">
            <summary>
            Initializes a new instance of the <see cref="T:Accord.SingularMatrixException"/> class.
            </summary>
            
            <param name="info">The <see cref="T:System.Runtime.Serialization.SerializationInfo"/> that holds the serialized object data about the exception being thrown.</param>
            <param name="context">The <see cref="T:System.Runtime.Serialization.StreamingContext"/> that contains contextual information about the source or destination.</param>
            <exception cref="T:System.ArgumentNullException">
            The <paramref name="info"/> parameter is null.
            </exception>
            <exception cref="T:System.Runtime.Serialization.SerializationException">
            The class name is null or <see cref="P:System.Exception.HResult"/> is zero (0).
            </exception>
            
        </member>
        <member name="T:Accord.ReadOnlyDictionary`2">
            <summary>
              Read-only dictionary wrapper.
            </summary>
            
            <remarks>
              This collection implements a read-only dictionary. Read-only collections
              can not be changed once they are created and are useful for presenting
              information to the user without allowing alteration.
            </remarks>
            
            <typeparam name="TKey">The types of the keys in the dictionary.</typeparam>
            <typeparam name="TValue">The type of values in the dictionary.</typeparam>
            
        </member>
        <member name="M:Accord.ReadOnlyDictionary`2.#ctor(System.Collections.Generic.IDictionary{`0,`1})">
            <summary>
              Constructs a new read-only wrapper around a <see cref="T:Accord.ReadOnlyDictionary`2"/>.
            </summary>
            
            <param name="dictionary">The dictionary to wrap.</param>
            
        </member>
        <member name="M:Accord.ReadOnlyDictionary`2.Add(`0,`1)">
            <summary>
              Does nothing, as this collection is read-only.
            </summary>
            
        </member>
        <member name="M:Accord.ReadOnlyDictionary`2.ContainsKey(`0)">
            <summary>
              Determines whether the <see cref="T:Accord.ReadOnlyDictionary`2"/>
              contains an element with the specified key.
            </summary>
            
            <param name="key">The key to locate in the <see cref="T:Accord.ReadOnlyDictionary`2"/>.</param>
            
            <returns>
               <c>true</c> if the <see cref="T:System.Collections.Generic.IDictionary`2"/> contains
                an element with the key; otherwise, false.
            </returns>
            
        </member>
        <member name="M:Accord.ReadOnlyDictionary`2.Remove(`0)">
            <summary>
              Does nothing, as this collection is read-only.
            </summary>
            
        </member>
        <member name="M:Accord.ReadOnlyDictionary`2.TryGetValue(`0,`1@)">
            <summary>
               Gets the value associated with the specified key.
            </summary>
            
            <param name="key">The key whose value to get.</param>
            
            <param name="value">
               When this method returns, the value associated with the specified key, if
               the key is found; otherwise, the default value for the type of the value
               parameter. This parameter is passed uninitialized.</param>
               
            <returns>
                true if the <see cref="T:Accord.ReadOnlyDictionary`2"/>
                contains an element with the specified key; otherwise, false.</returns>
                
        </member>
        <member name="M:Accord.ReadOnlyDictionary`2.Add(System.Collections.Generic.KeyValuePair{`0,`1})">
            <summary>
              Does nothing, as this collection is read-only.
            </summary>
            
        </member>
        <member name="M:Accord.ReadOnlyDictionary`2.Clear">
            <summary>
              Does nothing, as this collection is read-only.
            </summary>
            
        </member>
        <member name="M:Accord.ReadOnlyDictionary`2.Contains(System.Collections.Generic.KeyValuePair{`0,`1})">
            <summary>
              Determines whether the <see cref="T:Accord.ReadOnlyDictionary`2"/>
              contains an element with the specified key.
            </summary>
            
            <param name="item">The key to locate in the <see cref="T:Accord.ReadOnlyDictionary`2"/>.</param>
            
            <returns>
              <c>true</c> if the <see cref="T:Accord.ReadOnlyDictionary`2"/>
              contains an element with the key; otherwise, false.
            </returns>
            
        </member>
        <member name="M:Accord.ReadOnlyDictionary`2.CopyTo(System.Collections.Generic.KeyValuePair{`0,`1}[],System.Int32)">
            <summary>
              Copies the entire <see cref="T:Accord.ReadOnlyDictionary`2"/> to a 
              compatible one-dimensional Array, starting at the specified index of 
              the target array.
            </summary>
            
            <param name="array">
              The one-dimensional Array that is the destination
              of the elements copied from <see cref="T:Accord.ReadOnlyDictionary`2"/>. The 
              Array must have zero-based indexing.</param>
            
            <param name="arrayIndex">
              The zero-based index in array at which copying begins. </param>
            
        </member>
        <member name="M:Accord.ReadOnlyDictionary`2.Remove(System.Collections.Generic.KeyValuePair{`0,`1})">
            <summary>
              Does nothing, as this collection is read-only.
            </summary>
            
        </member>
        <member name="M:Accord.ReadOnlyDictionary`2.GetEnumerator">
            <summary>
              Returns an enumerator that iterates through a collection.
            </summary>
            
            <returns>
              An <see cref="T:System.Collections.IEnumerator"/> object that can be used to iterate through the collection.
            </returns>
            
        </member>
        <member name="M:Accord.ReadOnlyDictionary`2.System#Collections#IEnumerable#GetEnumerator">
            <summary>
              Returns an enumerator that iterates through a collection.
            </summary>
            
            <returns>
              An <see cref="T:System.Collections.IEnumerator"/> object that can be used to iterate through the collection.
            </returns>
            
        </member>
        <member name="P:Accord.ReadOnlyDictionary`2.Keys">
            <summary>
              Gets an <see cref="T:System.Collections.Generic.ICollection`1"/> containing the keys of
              the <see cref="T:Accord.ReadOnlyDictionary`2"/>.
            </summary>
            
            <value>The keys.</value>
            
        </member>
        <member name="P:Accord.ReadOnlyDictionary`2.Values">
            <summary>
             Gets an <see cref="T:System.Collections.Generic.ICollection`1"/> containing the values in
             the <see cref="T:Accord.ReadOnlyDictionary`2"/>.
            </summary>
            
            <value>
              An <see cref="T:System.Collections.Generic.ICollection`1"/> containing the
              values in the <see cref="T:Accord.ReadOnlyDictionary`2"/>.
             </value>
             
        </member>
        <member name="P:Accord.ReadOnlyDictionary`2.Item(`0)">
            <summary>
              Gets the element with the specified key. Set is not supported.
            </summary>
            
            <value>The element with the specified key.</value>
            
        </member>
        <member name="P:Accord.ReadOnlyDictionary`2.Count">
            <summary>
              Gets the number of elements contained in this
              <see cref="T:Accord.ReadOnlyDictionary`2"/>.
            </summary>
            
        </member>
        <member name="P:Accord.ReadOnlyDictionary`2.IsReadOnly">
            <summary>
              Always returns true.
            </summary>
            
        </member>
    </members>
</doc>
